{
"nodes": [
{"id": "100181", "group": 0}, 
{"id": "100182", "group": 0}, 
{"id": "100183", "group": 0}, 
{"id": "100184", "group": 0}, 
{"id": "100185", "group": 0}, 
{"id": "100186", "group": 0}, 
{"id": "100187", "group": 0}, 
{"id": "100188", "group": 0}, 
{"id": "100189", "group": 0}, 
{"id": "100190", "group": 0}, 
{"id": "100191", "group": 0}, 
{"id": "100193", "group": 0}, 
{"id": "100194", "group": 0}, 
{"id": "100195", "group": 0}, 
{"id": "100196", "group": 0}, 
{"id": "100197", "group": 0}, 
{"id": "100198", "group": 0}, 
{"id": "100199", "group": 0}, 
{"id": "100200", "group": 0}, 
{"id": "100201", "group": 0}, 
{"id": "100202", "group": 0}, 
{"id": "100203", "group": 0}, 
{"id": "100207", "group": 3}, 
{"id": "100208", "group": 3}, 
{"id": "100209", "group": 3}, 
{"id": "100223", "group": 1}, 
{"id": "100224", "group": 1}, 
{"id": "100225", "group": 1}, 
{"id": "100228", "group": 0}, 
{"id": "100229", "group": 0}, 
{"id": "100230", "group": 0}, 
{"id": "100231", "group": 0}, 
{"id": "100232", "group": 0}, 
{"id": "100233", "group": 0}, 
{"id": "100234", "group": 0}, 
{"id": "100235", "group": 1}, 
{"id": "100236", "group": 1}, 
{"id": "100237", "group": 1}, 
{"id": "100238", "group": 1}, 
{"id": "100241", "group": 1}, 
{"id": "100242", "group": 1}, 
{"id": "100243", "group": 1}, 
{"id": "100244", "group": 1}, 
{"id": "100245", "group": 1}, 
{"id": "100246", "group": 1}, 
{"id": "100247", "group": 1}, 
{"id": "100248", "group": 1}, 
{"id": "100249", "group": 1}, 
{"id": "100250", "group": 1}, 
{"id": "100251", "group": 1}, 
{"id": "100252", "group": 3}, 
{"id": "100253", "group": 3}, 
{"id": "100254", "group": 3}, 
{"id": "100255", "group": 3}, 
{"id": "100256", "group": 3}, 
{"id": "100257", "group": 3}, 
{"id": "100258", "group": 3}, 
{"id": "100259", "group": 3}, 
{"id": "100260", "group": 3}, 
{"id": "100262", "group": 0}, 
{"id": "100264", "group": 0}, 
{"id": "100265", "group": 0}, 
{"id": "100266", "group": 0}, 
{"id": "100267", "group": 0}, 
{"id": "100268", "group": 0}, 
{"id": "100269", "group": 0}, 
{"id": "100270", "group": 0}, 
{"id": "100271", "group": 0}, 
{"id": "100272", "group": 0}, 
{"id": "100273", "group": 0}, 
{"id": "100274", "group": 0}, 
{"id": "100276", "group": 0}, 
{"id": "100277", "group": 0}, 
{"id": "100278", "group": 0}, 
{"id": "100279", "group": 0}, 
{"id": "100280", "group": 0}, 
{"id": "100282", "group": 0}, 
{"id": "100284", "group": 0}, 
{"id": "100285", "group": 0}, 
{"id": "100286", "group": 0}, 
{"id": "100287", "group": 0}, 
{"id": "100288", "group": 0}, 
{"id": "100292", "group": 3}, 
{"id": "100293", "group": 3}, 
{"id": "100294", "group": 3}, 
{"id": "100308", "group": 1}, 
{"id": "100309", "group": 1}, 
{"id": "100310", "group": 1}, 
{"id": "100312", "group": 0}, 
{"id": "100313", "group": 0}, 
{"id": "100314", "group": 0}, 
{"id": "100315", "group": 0}, 
{"id": "100316", "group": 0}, 
{"id": "100317", "group": 0}, 
{"id": "100318", "group": 0}, 
{"id": "100319", "group": 0}, 
{"id": "100320", "group": 1}, 
{"id": "100321", "group": 1}, 
{"id": "100322", "group": 1}, 
{"id": "100323", "group": 1}, 
{"id": "100324", "group": 1}, 
{"id": "100325", "group": 1}, 
{"id": "100326", "group": 1}, 
{"id": "100328", "group": 1}, 
{"id": "100329", "group": 1}, 
{"id": "100331", "group": 1}, 
{"id": "100332", "group": 1}, 
{"id": "100333", "group": 1}, 
{"id": "100334", "group": 1}, 
{"id": "100335", "group": 1}, 
{"id": "100336", "group": 1}, 
{"id": "100340", "group": 3}, 
{"id": "100342", "group": 3}, 
{"id": "100343", "group": 3}, 
{"id": "100344", "group": 3}, 
{"id": "100345", "group": 3}, 
{"id": "100347", "group": 0}, 
{"id": "100348", "group": 0}, 
{"id": "100350", "group": 0}, 
{"id": "100353", "group": 0}, 
{"id": "100354", "group": 0}, 
{"id": "100355", "group": 0}, 
{"id": "100356", "group": 0}, 
{"id": "100357", "group": 0}, 
{"id": "100358", "group": 0}, 
{"id": "100359", "group": 0}, 
{"id": "100360", "group": 0}, 
{"id": "100361", "group": 0}, 
{"id": "100362", "group": 0}, 
{"id": "100364", "group": 0}, 
{"id": "100365", "group": 0}, 
{"id": "100366", "group": 0}, 
{"id": "100367", "group": 0}, 
{"id": "100368", "group": 0}, 
{"id": "100369", "group": 0}, 
{"id": "100370", "group": 0}, 
{"id": "100371", "group": 0}, 
{"id": "100372", "group": 0}, 
{"id": "100373", "group": 0}, 
{"id": "100374", "group": 0}, 
{"id": "100375", "group": 0}, 
{"id": "100376", "group": 0}, 
{"id": "100377", "group": 3}, 
{"id": "100378", "group": 3}, 
{"id": "100379", "group": 3}, 
{"id": "100396", "group": 0}, 
{"id": "100397", "group": 0}, 
{"id": "100398", "group": 0}, 
{"id": "100399", "group": 0}, 
{"id": "100400", "group": 0}, 
{"id": "100401", "group": 0}, 
{"id": "100402", "group": 0}, 
{"id": "100403", "group": 0}, 
{"id": "100404", "group": 0}, 
{"id": "100405", "group": 1}, 
{"id": "100406", "group": 1}, 
{"id": "100407", "group": 1}, 
{"id": "100408", "group": 1}, 
{"id": "100409", "group": 1}, 
{"id": "100410", "group": 1}, 
{"id": "100411", "group": 1}, 
{"id": "100412", "group": 1}, 
{"id": "100413", "group": 1}, 
{"id": "100414", "group": 1}, 
{"id": "100415", "group": 1}, 
{"id": "100416", "group": 1}, 
{"id": "100417", "group": 1}, 
{"id": "100418", "group": 1}, 
{"id": "100419", "group": 1}, 
{"id": "100420", "group": 1}, 
{"id": "100421", "group": 1}, 
{"id": "100422", "group": 3}, 
{"id": "100423", "group": 3}, 
{"id": "100424", "group": 3}, 
{"id": "100425", "group": 3}, 
{"id": "100426", "group": 3}, 
{"id": "100427", "group": 3}, 
{"id": "100428", "group": 3}, 
{"id": "100429", "group": 3}, 
{"id": "100430", "group": 3}, 
{"id": "100432", "group": 0}, 
{"id": "100433", "group": 0}, 
{"id": "100434", "group": 0}, 
{"id": "100435", "group": 0}, 
{"id": "100436", "group": 0}, 
{"id": "100437", "group": 0}, 
{"id": "100438", "group": 0}, 
{"id": "100439", "group": 0}, 
{"id": "100440", "group": 0}, 
{"id": "100441", "group": 0}, 
{"id": "100442", "group": 0}, 
{"id": "100443", "group": 0}, 
{"id": "100444", "group": 0}, 
{"id": "100445", "group": 0}, 
{"id": "100446", "group": 0}, 
{"id": "100448", "group": 0}, 
{"id": "100449", "group": 0}, 
{"id": "100450", "group": 0}, 
{"id": "100451", "group": 0}, 
{"id": "100452", "group": 0}, 
{"id": "100453", "group": 0}, 
{"id": "100454", "group": 0}, 
{"id": "100455", "group": 0}, 
{"id": "100456", "group": 0}, 
{"id": "100457", "group": 0}, 
{"id": "100458", "group": 0}, 
{"id": "100460", "group": 2}, 
{"id": "100461", "group": 2}, 
{"id": "100462", "group": 2}, 
{"id": "100463", "group": 2}, 
{"id": "100465", "group": 2}, 
{"id": "100466", "group": 2}, 
{"id": "100474", "group": 3}, 
{"id": "100476", "group": 1}, 
{"id": "100477", "group": 1}, 
{"id": "100482", "group": 1}, 
{"id": "100483", "group": 1}, 
{"id": "100484", "group": 1}, 
{"id": "100485", "group": 1}, 
{"id": "100486", "group": 1}, 
{"id": "100487", "group": 1}, 
{"id": "100488", "group": 1}, 
{"id": "100489", "group": 1}, 
{"id": "100493", "group": 3}, 
{"id": "100494", "group": 3}, 
{"id": "100495", "group": 3}, 
{"id": "100496", "group": 3}, 
{"id": "100497", "group": 3}, 
{"id": "100499", "group": 3}, 
{"id": "100504", "group": 0}, 
{"id": "100507", "group": 1}, 
{"id": "100510", "group": 3}, 
{"id": "100511", "group": 3}, 
{"id": "100515", "group": 1}, 
{"id": "100516", "group": 1}, 
{"id": "100517", "group": 1}, 
{"id": "100518", "group": 1}, 
{"id": "100519", "group": 1}, 
{"id": "100520", "group": 1}, 
{"id": "100521", "group": 1}, 
{"id": "100526", "group": 3}, 
{"id": "100527", "group": 3}, 
{"id": "100528", "group": 3}, 
{"id": "100529", "group": 3}, 
{"id": "100530", "group": 3}, 
{"id": "100531", "group": 3}, 
{"id": "100532", "group": 3}, 
{"id": "100537", "group": 0}, 
{"id": "100538", "group": 0}, 
{"id": "100539", "group": 0}, 
{"id": "100540", "group": 1}, 
{"id": "100541", "group": 1}, 
{"id": "100542", "group": 1}, 
{"id": "100543", "group": 3} 
], 
"links":[
{"source": "100181", "target": "100364", "value": 0.998601139564061},
{"source": "100182", "target": "100365", "value": 0.9383503639189624},
{"source": "100183", "target": "100366", "value": 0.9647339703728014},
{"source": "100184", "target": "100195", "value": 0.9051524294034949},
{"source": "100184", "target": "100270", "value": 0.9186151923420754},
{"source": "100184", "target": "100367", "value": 0.950776328276485},
{"source": "100184", "target": "100454", "value": 0.9037751022490811},
{"source": "100185", "target": "100248", "value": 0.913346748163051},
{"source": "100185", "target": "100282", "value": 0.9171316900062282},
{"source": "100185", "target": "100315", "value": 0.9236250072121676},
{"source": "100185", "target": "100326", "value": 0.9033288458436122},
{"source": "100185", "target": "100368", "value": 0.986360864630916},
{"source": "100185", "target": "100466", "value": 0.9394547511478964},
{"source": "100185", "target": "100474", "value": 0.9275895358173832},
{"source": "100185", "target": "100488", "value": 0.9015881318384589},
{"source": "100185", "target": "100499", "value": 0.9325811201899304},
{"source": "100185", "target": "100510", "value": 0.9062292485325775},
{"source": "100187", "target": "100315", "value": 0.9300790934640895},
{"source": "100187", "target": "100326", "value": 0.9196303176015371},
{"source": "100187", "target": "100466", "value": 0.9056158162590044},
{"source": "100187", "target": "100499", "value": 0.9365056707604558},
{"source": "100187", "target": "100510", "value": 0.9395348623323299},
{"source": "100188", "target": "100371", "value": 0.9641417371800408},
{"source": "100190", "target": "100247", "value": 0.9352916952080417},
{"source": "100190", "target": "100255", "value": 0.9205175741695029},
{"source": "100190", "target": "100270", "value": 0.9095291199998286},
{"source": "100190", "target": "100373", "value": 0.9795892364245601},
{"source": "100190", "target": "100377", "value": 0.9047906709738446},
{"source": "100190", "target": "100430", "value": 0.9720601693615669},
{"source": "100190", "target": "100439", "value": 0.9610157188703645},
{"source": "100191", "target": "100273", "value": 0.9248507563844487},
{"source": "100191", "target": "100374", "value": 0.9456200064728562},
{"source": "100193", "target": "100334", "value": 0.9967924276939392},
{"source": "100193", "target": "100518", "value": 0.976805738366098},
{"source": "100194", "target": "100243", "value": 0.9329665256235647},
{"source": "100194", "target": "100244", "value": 0.9849912160143243},
{"source": "100194", "target": "100247", "value": 0.9816278734620821},
{"source": "100194", "target": "100255", "value": 0.9909868547443796},
{"source": "100194", "target": "100373", "value": 0.9137776614502147},
{"source": "100194", "target": "100377", "value": 0.9993168562347067},
{"source": "100194", "target": "100402", "value": 0.9641382050727405},
{"source": "100194", "target": "100426", "value": 0.9615854207800881},
{"source": "100194", "target": "100427", "value": 0.9853106946813636},
{"source": "100194", "target": "100430", "value": 0.9458516589920049},
{"source": "100194", "target": "100439", "value": 0.954272903683035},
{"source": "100195", "target": "100270", "value": 0.9433837388398865},
{"source": "100195", "target": "100367", "value": 0.9031528558192947},
{"source": "100195", "target": "100378", "value": 0.983115807221587},
{"source": "100195", "target": "100454", "value": 0.9386102903381581},
{"source": "100199", "target": "100485", "value": 0.9053588485594507},
{"source": "100199", "target": "100528", "value": 0.9020715593138012},
{"source": "100199", "target": "100537", "value": 0.9141399841876614},
{"source": "100199", "target": "100539", "value": 0.9053191162153648},
{"source": "100200", "target": "100207", "value": 0.9608219507273498},
{"source": "100208", "target": "100355", "value": 0.9009072898353108},
{"source": "100208", "target": "100463", "value": 0.9056696214107366},
{"source": "100208", "target": "100477", "value": 0.9021222461861281},
{"source": "100208", "target": "100485", "value": 0.9110526127451147},
{"source": "100208", "target": "100528", "value": 0.9076441871814347},
{"source": "100208", "target": "100537", "value": 0.9167687049316343},
{"source": "100208", "target": "100539", "value": 0.9116245699437453},
{"source": "100224", "target": "100248", "value": 0.9034705826422778},
{"source": "100224", "target": "100407", "value": 0.9877744864039277},
{"source": "100225", "target": "100279", "value": 0.9265863254729501},
{"source": "100225", "target": "100280", "value": 0.913636870309812},
{"source": "100225", "target": "100322", "value": 0.9002603305211055},
{"source": "100225", "target": "100333", "value": 0.9188236628954151},
{"source": "100225", "target": "100344", "value": 0.9383656891443464},
{"source": "100225", "target": "100348", "value": 0.9065874967309671},
{"source": "100225", "target": "100355", "value": 0.9405229080383347},
{"source": "100225", "target": "100408", "value": 0.913876870961565},
{"source": "100225", "target": "100415", "value": 0.9071369966063644},
{"source": "100225", "target": "100417", "value": 0.9112405365705806},
{"source": "100225", "target": "100463", "value": 0.9328099944072742},
{"source": "100225", "target": "100466", "value": 0.9003343703341897},
{"source": "100225", "target": "100474", "value": 0.9306809402665659},
{"source": "100225", "target": "100477", "value": 0.9215663268123043},
{"source": "100225", "target": "100485", "value": 0.9468303579804417},
{"source": "100225", "target": "100526", "value": 0.9066115733061756},
{"source": "100225", "target": "100527", "value": 0.9044822493934076},
{"source": "100225", "target": "100528", "value": 0.9488252345001519},
{"source": "100225", "target": "100537", "value": 0.9423597403353051},
{"source": "100225", "target": "100538", "value": 0.9060683418949046},
{"source": "100225", "target": "100539", "value": 0.9506601257814529},
{"source": "100225", "target": "100542", "value": 0.9142082428026523},
{"source": "100229", "target": "100412", "value": 0.9471208755502929},
{"source": "100230", "target": "100413", "value": 0.9888931649237488},
{"source": "100231", "target": "100237", "value": 0.9089951262561035},
{"source": "100231", "target": "100272", "value": 0.9027396445769993},
{"source": "100231", "target": "100414", "value": 0.990634497751979},
{"source": "100231", "target": "100420", "value": 0.92952268284606},
{"source": "100232", "target": "100415", "value": 0.9658662376844657},
{"source": "100232", "target": "100474", "value": 0.90096578744874},
{"source": "100232", "target": "100485", "value": 0.9020334789399758},
{"source": "100232", "target": "100528", "value": 0.9007458964170335},
{"source": "100232", "target": "100537", "value": 0.9076084651477511},
{"source": "100232", "target": "100539", "value": 0.9028094576425935},
{"source": "100233", "target": "100416", "value": 0.948790535513736},
{"source": "100234", "target": "100279", "value": 0.9029429635284029},
{"source": "100234", "target": "100344", "value": 0.9003250116491287},
{"source": "100234", "target": "100355", "value": 0.9080652318862816},
{"source": "100234", "target": "100417", "value": 0.9878294511562306},
{"source": "100234", "target": "100463", "value": 0.9085195295210364},
{"source": "100234", "target": "100477", "value": 0.9056621038434782},
{"source": "100234", "target": "100485", "value": 0.915956811744843},
{"source": "100234", "target": "100528", "value": 0.9131435199447875},
{"source": "100234", "target": "100537", "value": 0.9172276906760974},
{"source": "100234", "target": "100538", "value": 0.9071000625371495},
{"source": "100234", "target": "100539", "value": 0.9168317689870467},
{"source": "100236", "target": "100419", "value": 0.9886383926618818},
{"source": "100237", "target": "100272", "value": 0.9308761371048984},
{"source": "100237", "target": "100414", "value": 0.902656322165313},
{"source": "100237", "target": "100420", "value": 0.9839475424482705},
{"source": "100237", "target": "100456", "value": 0.9014017658700106},
{"source": "100238", "target": "100421", "value": 0.9783592233503009},
{"source": "100242", "target": "100425", "value": 0.9926889219061804},
{"source": "100243", "target": "100244", "value": 0.9740225976043054},
{"source": "100243", "target": "100247", "value": 0.9235253792680908},
{"source": "100243", "target": "100255", "value": 0.9316365337470566},
{"source": "100243", "target": "100377", "value": 0.9223504302297432},
{"source": "100243", "target": "100402", "value": 0.992759955507327},
{"source": "100243", "target": "100426", "value": 0.992691875328176},
{"source": "100243", "target": "100427", "value": 0.9733789124848731},
{"source": "100244", "target": "100247", "value": 0.9819710333817129},
{"source": "100244", "target": "100255", "value": 0.9865801580691692},
{"source": "100244", "target": "100377", "value": 0.9804158082127133},
{"source": "100244", "target": "100402", "value": 0.9924709769681853},
{"source": "100244", "target": "100426", "value": 0.992101348487948},
{"source": "100244", "target": "100427", "value": 0.9994978438591989},
{"source": "100244", "target": "100430", "value": 0.9269263663485059},
{"source": "100244", "target": "100439", "value": 0.9194938268617484},
{"source": "100246", "target": "100429", "value": 0.9940580705411676},
{"source": "100247", "target": "100255", "value": 0.9930849358744197},
{"source": "100247", "target": "100373", "value": 0.9477555410062868},
{"source": "100247", "target": "100377", "value": 0.9813190429451893},
{"source": "100247", "target": "100402", "value": 0.9593788439405145},
{"source": "100247", "target": "100426", "value": 0.9601082459376385},
{"source": "100247", "target": "100427", "value": 0.9834175770007442},
{"source": "100247", "target": "100430", "value": 0.9785335900695489},
{"source": "100247", "target": "100439", "value": 0.9639379895369253},
{"source": "100248", "target": "100282", "value": 0.9114497508051754},
{"source": "100248", "target": "100315", "value": 0.9142242589536494},
{"source": "100248", "target": "100368", "value": 0.9132587876086408},
{"source": "100248", "target": "100466", "value": 0.932800647119873},
{"source": "100248", "target": "100474", "value": 0.9250425555314528},
{"source": "100248", "target": "100499", "value": 0.9225538596625974},
{"source": "100248", "target": "100537", "value": 0.9030361045099955},
{"source": "100249", "target": "100432", "value": 0.9606271006557766},
{"source": "100250", "target": "100433", "value": 0.9695995503954842},
{"source": "100251", "target": "100434", "value": 0.970446762672708},
{"source": "100252", "target": "100436", "value": 0.9900369304750148},
{"source": "100253", "target": "100437", "value": 0.949374971801854},
{"source": "100254", "target": "100438", "value": 0.9985836801136314},
{"source": "100255", "target": "100373", "value": 0.9351829593359434},
{"source": "100255", "target": "100377", "value": 0.9906179738882313},
{"source": "100255", "target": "100402", "value": 0.9650495679983464},
{"source": "100255", "target": "100426", "value": 0.964507313125492},
{"source": "100255", "target": "100427", "value": 0.9874663363853373},
{"source": "100255", "target": "100430", "value": 0.964075773021098},
{"source": "100255", "target": "100439", "value": 0.9675902811654922},
{"source": "100256", "target": "100440", "value": 0.9666678484479075},
{"source": "100257", "target": "100441", "value": 0.9222149471240997},
{"source": "100258", "target": "100442", "value": 0.982158672061335},
{"source": "100259", "target": "100443", "value": 0.9901213134195488},
{"source": "100260", "target": "100444", "value": 0.9338579141890115},
{"source": "100262", "target": "100446", "value": 0.932406090193504},
{"source": "100265", "target": "100449", "value": 0.998358259326657},
{"source": "100266", "target": "100450", "value": 0.9845517510410075},
{"source": "100268", "target": "100452", "value": 0.9953314218082395},
{"source": "100270", "target": "100367", "value": 0.9076030042744695},
{"source": "100270", "target": "100378", "value": 0.9061961988186653},
{"source": "100270", "target": "100454", "value": 0.9894138720591158},
{"source": "100271", "target": "100455", "value": 0.9906230204425388},
{"source": "100272", "target": "100420", "value": 0.93988684023501},
{"source": "100272", "target": "100456", "value": 0.9258821263224327},
{"source": "100273", "target": "100457", "value": 0.9273562074496499},
{"source": "100276", "target": "100287", "value": 0.9310484462043233},
{"source": "100276", "target": "100309", "value": 0.9519117902761338},
{"source": "100276", "target": "100460", "value": 0.9896915215174343},
{"source": "100276", "target": "100466", "value": 0.9120357415457866},
{"source": "100276", "target": "100474", "value": 0.903469315340371},
{"source": "100276", "target": "100482", "value": 0.91059862460041},
{"source": "100276", "target": "100493", "value": 0.9414842596142494},
{"source": "100276", "target": "100504", "value": 0.9062519149085979},
{"source": "100276", "target": "100537", "value": 0.9008432658476114},
{"source": "100276", "target": "100542", "value": 0.9005942428023656},
{"source": "100277", "target": "100461", "value": 0.984837322028982},
{"source": "100278", "target": "100462", "value": 0.982414005778852},
{"source": "100279", "target": "100280", "value": 0.9422866952801391},
{"source": "100279", "target": "100322", "value": 0.9013330020448347},
{"source": "100279", "target": "100333", "value": 0.916585611765144},
{"source": "100279", "target": "100344", "value": 0.9500447365799506},
{"source": "100279", "target": "100348", "value": 0.9088460016046876},
{"source": "100279", "target": "100355", "value": 0.962019305573315},
{"source": "100279", "target": "100415", "value": 0.9012411348881082},
{"source": "100279", "target": "100417", "value": 0.917136285639689},
{"source": "100279", "target": "100463", "value": 0.9523142812474606},
{"source": "100279", "target": "100466", "value": 0.9004185054940322},
{"source": "100279", "target": "100474", "value": 0.9389543466705038},
{"source": "100279", "target": "100477", "value": 0.923627158895908},
{"source": "100279", "target": "100485", "value": 0.9629465418613228},
{"source": "100279", "target": "100526", "value": 0.9027041680664625},
{"source": "100279", "target": "100527", "value": 0.9129989047642598},
{"source": "100279", "target": "100528", "value": 0.9560988776704233},
{"source": "100279", "target": "100537", "value": 0.9384027579779631},
{"source": "100279", "target": "100538", "value": 0.9086586289731594},
{"source": "100279", "target": "100539", "value": 0.9587106344622949},
{"source": "100279", "target": "100542", "value": 0.913642356679626},
{"source": "100280", "target": "100322", "value": 0.9197167557016684},
{"source": "100280", "target": "100333", "value": 0.908284732646218},
{"source": "100280", "target": "100344", "value": 0.959560252199837},
{"source": "100280", "target": "100355", "value": 0.979469169478078},
{"source": "100280", "target": "100463", "value": 0.930453989711836},
{"source": "100280", "target": "100474", "value": 0.935625976677179},
{"source": "100280", "target": "100477", "value": 0.9045998371599223},
{"source": "100280", "target": "100485", "value": 0.960122976354718},
{"source": "100280", "target": "100528", "value": 0.9674125905605799},
{"source": "100280", "target": "100537", "value": 0.9169266403906096},
{"source": "100280", "target": "100539", "value": 0.9668819600102326},
{"source": "100282", "target": "100287", "value": 0.9019041129465002},
{"source": "100282", "target": "100293", "value": 0.9264866466886758},
{"source": "100282", "target": "100315", "value": 0.9613226754840618},
{"source": "100282", "target": "100326", "value": 0.9358833407378061},
{"source": "100282", "target": "100358", "value": 0.9193291720285621},
{"source": "100282", "target": "100368", "value": 0.9203548873916398},
{"source": "100282", "target": "100466", "value": 0.9779813046162339},
{"source": "100282", "target": "100474", "value": 0.933437448419262},
{"source": "100282", "target": "100477", "value": 0.9379192370628323},
{"source": "100282", "target": "100488", "value": 0.9246251945150915},
{"source": "100282", "target": "100499", "value": 0.9490396524508583},
{"source": "100282", "target": "100510", "value": 0.9193822859064489},
{"source": "100282", "target": "100537", "value": 0.9019844377436989},
{"source": "100282", "target": "100542", "value": 0.9222752860452124},
{"source": "100284", "target": "100285", "value": 0.9047604528532899},
{"source": "100287", "target": "100309", "value": 0.9328903826436385},
{"source": "100287", "target": "100460", "value": 0.9059830289844533},
{"source": "100287", "target": "100466", "value": 0.9124803621309103},
{"source": "100287", "target": "100474", "value": 0.9112634312497011},
{"source": "100287", "target": "100477", "value": 0.9056478118177274},
{"source": "100287", "target": "100482", "value": 0.9499709237503622},
{"source": "100287", "target": "100485", "value": 0.9050190779268158},
{"source": "100287", "target": "100493", "value": 0.916419387523128},
{"source": "100287", "target": "100504", "value": 0.9248708180284043},
{"source": "100287", "target": "100515", "value": 0.9277802623300923},
{"source": "100287", "target": "100528", "value": 0.9033537828836115},
{"source": "100287", "target": "100537", "value": 0.9057079378451504},
{"source": "100287", "target": "100539", "value": 0.9051714036397629},
{"source": "100287", "target": "100542", "value": 0.9068530232836958},
{"source": "100292", "target": "100476", "value": 0.9377065894731256},
{"source": "100293", "target": "100358", "value": 0.9797989748364822},
{"source": "100293", "target": "100477", "value": 0.953028414974983},
{"source": "100293", "target": "100542", "value": 0.9225709547626582},
{"source": "100309", "target": "100460", "value": 0.9452211929500666},
{"source": "100309", "target": "100463", "value": 0.9078485792684939},
{"source": "100309", "target": "100466", "value": 0.9051926843444347},
{"source": "100309", "target": "100474", "value": 0.900406827372898},
{"source": "100309", "target": "100477", "value": 0.917813285489426},
{"source": "100309", "target": "100482", "value": 0.9106366200588532},
{"source": "100309", "target": "100485", "value": 0.9109616198694267},
{"source": "100309", "target": "100493", "value": 0.9940757053500688},
{"source": "100309", "target": "100504", "value": 0.9091103728325038},
{"source": "100309", "target": "100528", "value": 0.9066391044497913},
{"source": "100309", "target": "100537", "value": 0.9143326804004003},
{"source": "100309", "target": "100539", "value": 0.9092319830653538},
{"source": "100309", "target": "100542", "value": 0.9143427704916208},
{"source": "100310", "target": "100494", "value": 0.9946655018199926},
{"source": "100310", "target": "100527", "value": 0.9016601408579742},
{"source": "100315", "target": "100326", "value": 0.9630645403841814},
{"source": "100315", "target": "100368", "value": 0.9150670131672917},
{"source": "100315", "target": "100466", "value": 0.9646117141944461},
{"source": "100315", "target": "100474", "value": 0.9173614452679208},
{"source": "100315", "target": "100488", "value": 0.9207339128933657},
{"source": "100315", "target": "100499", "value": 0.9905988130598495},
{"source": "100315", "target": "100510", "value": 0.9673407634024973},
{"source": "100317", "target": "100328", "value": 0.9821305297191443},
{"source": "100317", "target": "100397", "value": 0.9577361779890219},
{"source": "100320", "target": "100482", "value": 0.9305182043026968},
{"source": "100320", "target": "100504", "value": 0.9822232301863482},
{"source": "100321", "target": "100354", "value": 0.9441743623696466},
{"source": "100321", "target": "100485", "value": 0.9012472727134242},
{"source": "100321", "target": "100537", "value": 0.903506347359014},
{"source": "100321", "target": "100538", "value": 0.9123233178909554},
{"source": "100321", "target": "100539", "value": 0.9032813197470848},
{"source": "100322", "target": "100333", "value": 0.9228576776748951},
{"source": "100322", "target": "100344", "value": 0.9338851844063742},
{"source": "100322", "target": "100355", "value": 0.9413681063105883},
{"source": "100322", "target": "100463", "value": 0.9138868659705166},
{"source": "100322", "target": "100474", "value": 0.9246755433863868},
{"source": "100322", "target": "100485", "value": 0.9330457194055721},
{"source": "100322", "target": "100528", "value": 0.9475722648561246},
{"source": "100322", "target": "100537", "value": 0.9194758501483492},
{"source": "100322", "target": "100539", "value": 0.9524079695158988},
{"source": "100326", "target": "100466", "value": 0.9424576937006571},
{"source": "100326", "target": "100499", "value": 0.9600593926609895},
{"source": "100326", "target": "100510", "value": 0.9867548305969546},
{"source": "100328", "target": "100397", "value": 0.9507342824940008},
{"source": "100331", "target": "100482", "value": 0.9049117292038699},
{"source": "100331", "target": "100515", "value": 0.9200196485490342},
{"source": "100332", "target": "100516", "value": 0.9868855787851861},
{"source": "100333", "target": "100344", "value": 0.9414975366240047},
{"source": "100333", "target": "100348", "value": 0.903138391089557},
{"source": "100333", "target": "100355", "value": 0.9430941872284518},
{"source": "100333", "target": "100417", "value": 0.90336245292257},
{"source": "100333", "target": "100463", "value": 0.9238286423130372},
{"source": "100333", "target": "100474", "value": 0.9259770310926282},
{"source": "100333", "target": "100477", "value": 0.914803085730178},
{"source": "100333", "target": "100485", "value": 0.9462754776028143},
{"source": "100333", "target": "100504", "value": 0.9025675192457215},
{"source": "100333", "target": "100517", "value": 0.9323899341746644},
{"source": "100333", "target": "100528", "value": 0.9500386502564365},
{"source": "100333", "target": "100537", "value": 0.9330619617613795},
{"source": "100333", "target": "100538", "value": 0.901224658477934},
{"source": "100333", "target": "100539", "value": 0.9496218462568381},
{"source": "100333", "target": "100542", "value": 0.9079998374692436},
{"source": "100334", "target": "100518", "value": 0.9895608773526499},
{"source": "100336", "target": "100520", "value": 0.9990817057460141},
{"source": "100342", "target": "100353", "value": 0.9191494286660022},
{"source": "100342", "target": "100526", "value": 0.939578863908006},
{"source": "100343", "target": "100527", "value": 0.99245425932893},
{"source": "100343", "target": "100537", "value": 0.902126814886163},
{"source": "100344", "target": "100348", "value": 0.9114828033442218},
{"source": "100344", "target": "100355", "value": 0.9908580883764307},
{"source": "100344", "target": "100415", "value": 0.9030923146265788},
{"source": "100344", "target": "100417", "value": 0.9127157015227774},
{"source": "100344", "target": "100463", "value": 0.9479039288290614},
{"source": "100344", "target": "100466", "value": 0.9015427387993349},
{"source": "100344", "target": "100474", "value": 0.9557525406301818},
{"source": "100344", "target": "100477", "value": 0.9237875035937502},
{"source": "100344", "target": "100485", "value": 0.9771009455809055},
{"source": "100344", "target": "100526", "value": 0.9070124207736503},
{"source": "100344", "target": "100527", "value": 0.9079039203668384},
{"source": "100344", "target": "100528", "value": 0.9933719223120772},
{"source": "100344", "target": "100537", "value": 0.9424297592974245},
{"source": "100344", "target": "100538", "value": 0.9101080859767464},
{"source": "100344", "target": "100539", "value": 0.9895661543105182},
{"source": "100344", "target": "100542", "value": 0.915275729193001},
{"source": "100348", "target": "100355", "value": 0.918974272317419},
{"source": "100348", "target": "100417", "value": 0.9036650894689231},
{"source": "100348", "target": "100463", "value": 0.9182457688815807},
{"source": "100348", "target": "100466", "value": 0.900880417008582},
{"source": "100348", "target": "100474", "value": 0.9110912531270123},
{"source": "100348", "target": "100477", "value": 0.9297308443719309},
{"source": "100348", "target": "100485", "value": 0.9265523796566693},
{"source": "100348", "target": "100527", "value": 0.9026610030957098},
{"source": "100348", "target": "100528", "value": 0.9245893286003692},
{"source": "100348", "target": "100532", "value": 0.9281628864975775},
{"source": "100348", "target": "100537", "value": 0.9285230129959224},
{"source": "100348", "target": "100538", "value": 0.9158944737876691},
{"source": "100348", "target": "100539", "value": 0.9284314736768629},
{"source": "100348", "target": "100542", "value": 0.9167525910205794},
{"source": "100353", "target": "100420", "value": 0.9096150071590752},
{"source": "100353", "target": "100537", "value": 0.9367716319625666},
{"source": "100354", "target": "100538", "value": 0.9006211518055386},
{"source": "100355", "target": "100408", "value": 0.9005923207807959},
{"source": "100355", "target": "100415", "value": 0.9087738236430134},
{"source": "100355", "target": "100417", "value": 0.9207960446370762},
{"source": "100355", "target": "100463", "value": 0.9547383629418063},
{"source": "100355", "target": "100466", "value": 0.9095521653954065},
{"source": "100355", "target": "100474", "value": 0.9586085259819065},
{"source": "100355", "target": "100477", "value": 0.9317770356895954},
{"source": "100355", "target": "100485", "value": 0.9820654248826935},
{"source": "100355", "target": "100493", "value": 0.9027888515979228},
{"source": "100355", "target": "100526", "value": 0.9115919792570569},
{"source": "100355", "target": "100527", "value": 0.9159206728911864},
{"source": "100355", "target": "100528", "value": 0.992173870709234},
{"source": "100355", "target": "100537", "value": 0.9478159273131431},
{"source": "100355", "target": "100538", "value": 0.9184362568848808},
{"source": "100355", "target": "100539", "value": 0.9925727022248989},
{"source": "100355", "target": "100542", "value": 0.9218444284414976},
{"source": "100358", "target": "100477", "value": 0.9343781154077467},
{"source": "100358", "target": "100542", "value": 0.9319573937328444},
{"source": "100367", "target": "100378", "value": 0.9024465044694487},
{"source": "100367", "target": "100454", "value": 0.9150054263345425},
{"source": "100368", "target": "100415", "value": 0.9001547444255679},
{"source": "100368", "target": "100466", "value": 0.9434923606692517},
{"source": "100368", "target": "100474", "value": 0.9366078715857229},
{"source": "100368", "target": "100485", "value": 0.9044314816819765},
{"source": "100368", "target": "100488", "value": 0.90529017365305},
{"source": "100368", "target": "100499", "value": 0.9266296063809258},
{"source": "100368", "target": "100528", "value": 0.9009038199893062},
{"source": "100368", "target": "100537", "value": 0.9095555075475374},
{"source": "100368", "target": "100539", "value": 0.9050494572891872},
{"source": "100373", "target": "100377", "value": 0.919337592979599},
{"source": "100373", "target": "100430", "value": 0.9728568114174578},
{"source": "100373", "target": "100439", "value": 0.9616239137127065},
{"source": "100374", "target": "100463", "value": 0.9002224888219578},
{"source": "100374", "target": "100485", "value": 0.9061679603057516},
{"source": "100374", "target": "100528", "value": 0.9040211681101369},
{"source": "100374", "target": "100537", "value": 0.9095489571168731},
{"source": "100374", "target": "100539", "value": 0.9073397685237923},
{"source": "100377", "target": "100402", "value": 0.9564058657375551},
{"source": "100377", "target": "100426", "value": 0.9537465695009909},
{"source": "100377", "target": "100427", "value": 0.9808398002080324},
{"source": "100377", "target": "100430", "value": 0.9508622056682424},
{"source": "100377", "target": "100439", "value": 0.9611991691419058},
{"source": "100378", "target": "100454", "value": 0.9211522296137414},
{"source": "100402", "target": "100426", "value": 0.9985182484387903},
{"source": "100402", "target": "100427", "value": 0.9924095931278092},
{"source": "100408", "target": "100485", "value": 0.9073779276268995},
{"source": "100408", "target": "100528", "value": 0.9084143753805193},
{"source": "100408", "target": "100537", "value": 0.9044070961152484},
{"source": "100408", "target": "100539", "value": 0.9103961671989412},
{"source": "100414", "target": "100420", "value": 0.9310183315061119},
{"source": "100415", "target": "100460", "value": 0.9031548183444701},
{"source": "100415", "target": "100463", "value": 0.90866304501804},
{"source": "100415", "target": "100466", "value": 0.9116276103402554},
{"source": "100415", "target": "100474", "value": 0.9174256461472835},
{"source": "100415", "target": "100477", "value": 0.9074590325038354},
{"source": "100415", "target": "100485", "value": 0.9175975930219165},
{"source": "100415", "target": "100493", "value": 0.902919672976087},
{"source": "100415", "target": "100528", "value": 0.9164429551105715},
{"source": "100415", "target": "100537", "value": 0.9251175716209297},
{"source": "100415", "target": "100539", "value": 0.9181748972215268},
{"source": "100415", "target": "100542", "value": 0.9039094547800851},
{"source": "100417", "target": "100463", "value": 0.921112960452345},
{"source": "100417", "target": "100474", "value": 0.9122831398440714},
{"source": "100417", "target": "100477", "value": 0.918351613799377},
{"source": "100417", "target": "100485", "value": 0.9289804130752368},
{"source": "100417", "target": "100527", "value": 0.9105963409586673},
{"source": "100417", "target": "100528", "value": 0.9257339934072544},
{"source": "100417", "target": "100537", "value": 0.9299221322438925},
{"source": "100417", "target": "100538", "value": 0.9137024738170048},
{"source": "100417", "target": "100539", "value": 0.9294642904226984},
{"source": "100417", "target": "100542", "value": 0.9054938325801011},
{"source": "100420", "target": "100456", "value": 0.9081131789224476},
{"source": "100426", "target": "100427", "value": 0.9921599580039675},
{"source": "100427", "target": "100430", "value": 0.9294532569511231},
{"source": "100427", "target": "100439", "value": 0.9213768451796156},
{"source": "100430", "target": "100439", "value": 0.9829906798665635},
{"source": "100442", "target": "100511", "value": 0.9060755145642762},
{"source": "100460", "target": "100466", "value": 0.9046040283473933},
{"source": "100460", "target": "100493", "value": 0.9441608515708271},
{"source": "100460", "target": "100537", "value": 0.9001640240344942},
{"source": "100463", "target": "100466", "value": 0.9111050551228773},
{"source": "100463", "target": "100474", "value": 0.9436945402537197},
{"source": "100463", "target": "100477", "value": 0.9364690704528426},
{"source": "100463", "target": "100485", "value": 0.9639058268478454},
{"source": "100463", "target": "100493", "value": 0.9125582297264335},
{"source": "100463", "target": "100526", "value": 0.9113636462717032},
{"source": "100463", "target": "100527", "value": 0.9218994742792969},
{"source": "100463", "target": "100528", "value": 0.9599508840848078},
{"source": "100463", "target": "100537", "value": 0.9484797633111399},
{"source": "100463", "target": "100538", "value": 0.9187601409729602},
{"source": "100463", "target": "100539", "value": 0.9638547430221819},
{"source": "100463", "target": "100542", "value": 0.9246937187772846},
{"source": "100466", "target": "100474", "value": 0.9557166406196588},
{"source": "100466", "target": "100477", "value": 0.9444103482066417},
{"source": "100466", "target": "100485", "value": 0.9186283277297072},
{"source": "100466", "target": "100488", "value": 0.941359817315378},
{"source": "100466", "target": "100493", "value": 0.905192770678372},
{"source": "100466", "target": "100499", "value": 0.971550528896427},
{"source": "100466", "target": "100510", "value": 0.9398603217453129},
{"source": "100466", "target": "100528", "value": 0.9156001617416222},
{"source": "100466", "target": "100537", "value": 0.9209247950236947},
{"source": "100466", "target": "100539", "value": 0.9193156776033136},
{"source": "100466", "target": "100542", "value": 0.9265436367075627},
{"source": "100474", "target": "100477", "value": 0.9252113740884473},
{"source": "100474", "target": "100485", "value": 0.9644838577672358},
{"source": "100474", "target": "100488", "value": 0.9118989131321319},
{"source": "100474", "target": "100493", "value": 0.9021485306770274},
{"source": "100474", "target": "100499", "value": 0.928048905745938},
{"source": "100474", "target": "100526", "value": 0.9069676080003972},
{"source": "100474", "target": "100527", "value": 0.906634530133596},
{"source": "100474", "target": "100528", "value": 0.96669163343073},
{"source": "100474", "target": "100537", "value": 0.9426702547283876},
{"source": "100474", "target": "100538", "value": 0.9123196055851642},
{"source": "100474", "target": "100539", "value": 0.9674770142404963},
{"source": "100474", "target": "100542", "value": 0.9142958835578063},
{"source": "100477", "target": "100485", "value": 0.9413632632788762},
{"source": "100477", "target": "100493", "value": 0.918499889491197},
{"source": "100477", "target": "100526", "value": 0.9059859807652635},
{"source": "100477", "target": "100527", "value": 0.9122697483446912},
{"source": "100477", "target": "100528", "value": 0.9381359975296822},
{"source": "100477", "target": "100532", "value": 0.9153020038754831},
{"source": "100477", "target": "100537", "value": 0.9438152239368824},
{"source": "100477", "target": "100538", "value": 0.9137872577378306},
{"source": "100477", "target": "100539", "value": 0.9419661006271973},
{"source": "100477", "target": "100542", "value": 0.9661182370814797},
{"source": "100482", "target": "100485", "value": 0.9065979259160994},
{"source": "100482", "target": "100493", "value": 0.9032288298281937},
{"source": "100482", "target": "100504", "value": 0.9477518864683976},
{"source": "100482", "target": "100515", "value": 0.9074877004731801},
{"source": "100482", "target": "100528", "value": 0.9050794325293818},
{"source": "100482", "target": "100537", "value": 0.9077064604060737},
{"source": "100482", "target": "100539", "value": 0.907040130464681},
{"source": "100482", "target": "100542", "value": 0.9032579254751734},
{"source": "100485", "target": "100493", "value": 0.9148546621256454},
{"source": "100485", "target": "100494", "value": 0.9076053749820618},
{"source": "100485", "target": "100504", "value": 0.9004873148990038},
{"source": "100485", "target": "100526", "value": 0.9211276291011217},
{"source": "100485", "target": "100527", "value": 0.924804707933166},
{"source": "100485", "target": "100528", "value": 0.9867521680668004},
{"source": "100485", "target": "100532", "value": 0.9068129812860993},
{"source": "100485", "target": "100537", "value": 0.9584986077524824},
{"source": "100485", "target": "100538", "value": 0.9258189749928123},
{"source": "100485", "target": "100539", "value": 0.9871945499690605},
{"source": "100485", "target": "100542", "value": 0.9312649933901742},
{"source": "100488", "target": "100499", "value": 0.9295333208291706},
{"source": "100493", "target": "100504", "value": 0.9004600024841665},
{"source": "100493", "target": "100528", "value": 0.9104174475025053},
{"source": "100493", "target": "100537", "value": 0.918206368623781},
{"source": "100493", "target": "100539", "value": 0.9132422223209766},
{"source": "100493", "target": "100542", "value": 0.914643928803135},
{"source": "100494", "target": "100527", "value": 0.9135215019315407},
{"source": "100494", "target": "100528", "value": 0.9058294801061256},
{"source": "100494", "target": "100537", "value": 0.9101433142325153},
{"source": "100494", "target": "100538", "value": 0.903160080710492},
{"source": "100494", "target": "100539", "value": 0.9089364334953286},
{"source": "100499", "target": "100510", "value": 0.9727233618904159},
{"source": "100504", "target": "100515", "value": 0.9041165677304658},
{"source": "100504", "target": "100528", "value": 0.900882745198051},
{"source": "100517", "target": "100539", "value": 0.9018598512951908},
{"source": "100526", "target": "100528", "value": 0.9204008925131839},
{"source": "100526", "target": "100537", "value": 0.9390088832747434},
{"source": "100526", "target": "100539", "value": 0.9231166860433733},
{"source": "100527", "target": "100528", "value": 0.9214183869425837},
{"source": "100527", "target": "100532", "value": 0.9017713763073346},
{"source": "100527", "target": "100537", "value": 0.9273409837009006},
{"source": "100527", "target": "100538", "value": 0.917048619943615},
{"source": "100527", "target": "100539", "value": 0.924935204557193},
{"source": "100527", "target": "100542", "value": 0.9010919020749731},
{"source": "100528", "target": "100532", "value": 0.9025415460155163},
{"source": "100528", "target": "100537", "value": 0.9565099748774609},
{"source": "100528", "target": "100538", "value": 0.9235459891988902},
{"source": "100528", "target": "100539", "value": 0.9968066321558449},
{"source": "100528", "target": "100542", "value": 0.9290318937066371},
{"source": "100532", "target": "100537", "value": 0.9069174138147187},
{"source": "100532", "target": "100539", "value": 0.9057999288477108},
{"source": "100537", "target": "100538", "value": 0.9290847987075146},
{"source": "100537", "target": "100539", "value": 0.959889613353345},
{"source": "100537", "target": "100542", "value": 0.9326846020746328},
{"source": "100538", "target": "100539", "value": 0.9281252915229478},
{"source": "100538", "target": "100542", "value": 0.9030773289238364},
{"source": "100539", "target": "100542", "value": 0.9320280985601973}
]
}