{
"nodes": [
{"id": "100181", "group": 0}, 
{"id": "100182", "group": 0}, 
{"id": "100183", "group": 0}, 
{"id": "100184", "group": 0}, 
{"id": "100185", "group": 0}, 
{"id": "100186", "group": 0}, 
{"id": "100187", "group": 0}, 
{"id": "100188", "group": 0}, 
{"id": "100189", "group": 0}, 
{"id": "100190", "group": 0}, 
{"id": "100191", "group": 0}, 
{"id": "100193", "group": 0}, 
{"id": "100194", "group": 0}, 
{"id": "100195", "group": 0}, 
{"id": "100196", "group": 0}, 
{"id": "100197", "group": 0}, 
{"id": "100198", "group": 0}, 
{"id": "100199", "group": 0}, 
{"id": "100200", "group": 0}, 
{"id": "100201", "group": 0}, 
{"id": "100202", "group": 0}, 
{"id": "100203", "group": 0}, 
{"id": "100207", "group": 3}, 
{"id": "100208", "group": 3}, 
{"id": "100209", "group": 3}, 
{"id": "100223", "group": 1}, 
{"id": "100224", "group": 1}, 
{"id": "100225", "group": 1}, 
{"id": "100228", "group": 0}, 
{"id": "100229", "group": 0}, 
{"id": "100230", "group": 0}, 
{"id": "100231", "group": 0}, 
{"id": "100232", "group": 0}, 
{"id": "100233", "group": 0}, 
{"id": "100234", "group": 0}, 
{"id": "100235", "group": 1}, 
{"id": "100236", "group": 1}, 
{"id": "100237", "group": 1}, 
{"id": "100238", "group": 1}, 
{"id": "100241", "group": 1}, 
{"id": "100242", "group": 1}, 
{"id": "100243", "group": 1}, 
{"id": "100244", "group": 1}, 
{"id": "100245", "group": 1}, 
{"id": "100246", "group": 1}, 
{"id": "100247", "group": 1}, 
{"id": "100248", "group": 1}, 
{"id": "100249", "group": 1}, 
{"id": "100250", "group": 1}, 
{"id": "100251", "group": 1}, 
{"id": "100252", "group": 3}, 
{"id": "100253", "group": 3}, 
{"id": "100254", "group": 3}, 
{"id": "100255", "group": 3}, 
{"id": "100256", "group": 3}, 
{"id": "100257", "group": 3}, 
{"id": "100258", "group": 3}, 
{"id": "100259", "group": 3}, 
{"id": "100260", "group": 3}, 
{"id": "100262", "group": 0}, 
{"id": "100264", "group": 0}, 
{"id": "100265", "group": 0}, 
{"id": "100266", "group": 0}, 
{"id": "100267", "group": 0}, 
{"id": "100268", "group": 0}, 
{"id": "100269", "group": 0}, 
{"id": "100270", "group": 0}, 
{"id": "100271", "group": 0}, 
{"id": "100272", "group": 0}, 
{"id": "100273", "group": 0}, 
{"id": "100274", "group": 0}, 
{"id": "100276", "group": 0}, 
{"id": "100277", "group": 0}, 
{"id": "100278", "group": 0}, 
{"id": "100279", "group": 0}, 
{"id": "100280", "group": 0}, 
{"id": "100282", "group": 0}, 
{"id": "100284", "group": 0}, 
{"id": "100285", "group": 0}, 
{"id": "100286", "group": 0}, 
{"id": "100287", "group": 0}, 
{"id": "100288", "group": 0}, 
{"id": "100292", "group": 3}, 
{"id": "100293", "group": 3}, 
{"id": "100294", "group": 3}, 
{"id": "100308", "group": 1}, 
{"id": "100309", "group": 1}, 
{"id": "100310", "group": 1}, 
{"id": "100312", "group": 0}, 
{"id": "100313", "group": 0}, 
{"id": "100314", "group": 0}, 
{"id": "100315", "group": 0}, 
{"id": "100316", "group": 0}, 
{"id": "100317", "group": 0}, 
{"id": "100318", "group": 0}, 
{"id": "100319", "group": 0}, 
{"id": "100320", "group": 1}, 
{"id": "100321", "group": 1}, 
{"id": "100322", "group": 1}, 
{"id": "100323", "group": 1}, 
{"id": "100324", "group": 1}, 
{"id": "100325", "group": 1}, 
{"id": "100326", "group": 1}, 
{"id": "100328", "group": 1}, 
{"id": "100329", "group": 1}, 
{"id": "100331", "group": 1}, 
{"id": "100332", "group": 1}, 
{"id": "100333", "group": 1}, 
{"id": "100334", "group": 1}, 
{"id": "100335", "group": 1}, 
{"id": "100336", "group": 1}, 
{"id": "100340", "group": 3}, 
{"id": "100342", "group": 3}, 
{"id": "100343", "group": 3}, 
{"id": "100344", "group": 3}, 
{"id": "100345", "group": 3}, 
{"id": "100347", "group": 0}, 
{"id": "100348", "group": 0}, 
{"id": "100350", "group": 0}, 
{"id": "100353", "group": 0}, 
{"id": "100354", "group": 0}, 
{"id": "100355", "group": 0}, 
{"id": "100356", "group": 0}, 
{"id": "100357", "group": 0}, 
{"id": "100358", "group": 0}, 
{"id": "100359", "group": 0}, 
{"id": "100360", "group": 0}, 
{"id": "100361", "group": 0}, 
{"id": "100362", "group": 0}, 
{"id": "100364", "group": 0}, 
{"id": "100365", "group": 0}, 
{"id": "100366", "group": 0}, 
{"id": "100367", "group": 0}, 
{"id": "100368", "group": 0}, 
{"id": "100369", "group": 0}, 
{"id": "100370", "group": 0}, 
{"id": "100371", "group": 0}, 
{"id": "100372", "group": 0}, 
{"id": "100373", "group": 0}, 
{"id": "100374", "group": 0}, 
{"id": "100375", "group": 0}, 
{"id": "100376", "group": 0}, 
{"id": "100377", "group": 3}, 
{"id": "100378", "group": 3}, 
{"id": "100379", "group": 3}, 
{"id": "100396", "group": 0}, 
{"id": "100397", "group": 0}, 
{"id": "100398", "group": 0}, 
{"id": "100399", "group": 0}, 
{"id": "100400", "group": 0}, 
{"id": "100401", "group": 0}, 
{"id": "100402", "group": 0}, 
{"id": "100403", "group": 0}, 
{"id": "100404", "group": 0}, 
{"id": "100405", "group": 1}, 
{"id": "100406", "group": 1}, 
{"id": "100407", "group": 1}, 
{"id": "100408", "group": 1}, 
{"id": "100409", "group": 1}, 
{"id": "100410", "group": 1}, 
{"id": "100411", "group": 1}, 
{"id": "100412", "group": 1}, 
{"id": "100413", "group": 1}, 
{"id": "100414", "group": 1}, 
{"id": "100415", "group": 1}, 
{"id": "100416", "group": 1}, 
{"id": "100417", "group": 1}, 
{"id": "100418", "group": 1}, 
{"id": "100419", "group": 1}, 
{"id": "100420", "group": 1}, 
{"id": "100421", "group": 1}, 
{"id": "100422", "group": 3}, 
{"id": "100423", "group": 3}, 
{"id": "100424", "group": 3}, 
{"id": "100425", "group": 3}, 
{"id": "100426", "group": 3}, 
{"id": "100427", "group": 3}, 
{"id": "100428", "group": 3}, 
{"id": "100429", "group": 3}, 
{"id": "100430", "group": 3}, 
{"id": "100432", "group": 0}, 
{"id": "100433", "group": 0}, 
{"id": "100434", "group": 0}, 
{"id": "100435", "group": 0}, 
{"id": "100436", "group": 0}, 
{"id": "100437", "group": 0}, 
{"id": "100438", "group": 0}, 
{"id": "100439", "group": 0}, 
{"id": "100440", "group": 0}, 
{"id": "100441", "group": 0}, 
{"id": "100442", "group": 0}, 
{"id": "100443", "group": 0}, 
{"id": "100444", "group": 0}, 
{"id": "100445", "group": 0}, 
{"id": "100446", "group": 0}, 
{"id": "100448", "group": 0}, 
{"id": "100449", "group": 0}, 
{"id": "100450", "group": 0}, 
{"id": "100451", "group": 0}, 
{"id": "100452", "group": 0}, 
{"id": "100453", "group": 0}, 
{"id": "100454", "group": 0}, 
{"id": "100455", "group": 0}, 
{"id": "100456", "group": 0}, 
{"id": "100457", "group": 0}, 
{"id": "100458", "group": 0}, 
{"id": "100460", "group": 2}, 
{"id": "100461", "group": 2}, 
{"id": "100462", "group": 2}, 
{"id": "100463", "group": 2}, 
{"id": "100465", "group": 2}, 
{"id": "100466", "group": 2}, 
{"id": "100474", "group": 3}, 
{"id": "100476", "group": 1}, 
{"id": "100477", "group": 1}, 
{"id": "100482", "group": 1}, 
{"id": "100483", "group": 1}, 
{"id": "100484", "group": 1}, 
{"id": "100485", "group": 1}, 
{"id": "100486", "group": 1}, 
{"id": "100487", "group": 1}, 
{"id": "100488", "group": 1}, 
{"id": "100489", "group": 1}, 
{"id": "100493", "group": 3}, 
{"id": "100494", "group": 3}, 
{"id": "100495", "group": 3}, 
{"id": "100496", "group": 3}, 
{"id": "100497", "group": 3}, 
{"id": "100499", "group": 3}, 
{"id": "100504", "group": 0}, 
{"id": "100507", "group": 1}, 
{"id": "100510", "group": 3}, 
{"id": "100511", "group": 3}, 
{"id": "100515", "group": 1}, 
{"id": "100516", "group": 1}, 
{"id": "100517", "group": 1}, 
{"id": "100518", "group": 1}, 
{"id": "100519", "group": 1}, 
{"id": "100520", "group": 1}, 
{"id": "100521", "group": 1}, 
{"id": "100526", "group": 3}, 
{"id": "100527", "group": 3}, 
{"id": "100528", "group": 3}, 
{"id": "100529", "group": 3}, 
{"id": "100530", "group": 3}, 
{"id": "100531", "group": 3}, 
{"id": "100532", "group": 3}, 
{"id": "100537", "group": 0}, 
{"id": "100538", "group": 0}, 
{"id": "100539", "group": 0}, 
{"id": "100540", "group": 1}, 
{"id": "100541", "group": 1}, 
{"id": "100542", "group": 1}, 
{"id": "100543", "group": 3} 
], 
"links":[
]
}